Date,Events
30 April 2021,3
29 April 2021,0
28 April 2021,0
27 April 2021,0
26 April 2021,2
25 April 2021,3
24 April 2021,5
23 April 2021,2
22 April 2021,5
21 April 2021,4
20 April 2021,26
19 April 2021,5
18 April 2021,4
17 April 2021,4
16 April 2021,12
15 April 2021,1
14 April 2021,4
13 April 2021,5
12 April 2021,1
11 April 2021,2
10 April 2021,11
9 April 2021,3
8 April 2021,6
7 April 2021,5
6 April 2021,2
5 April 2021,55
4 April 2021,4
3 April 2021,10
2 April 2021,7
1 April 2021,3
31 March 2021,2
30 March 2021,3
29 March 2021,1
28 March 2021,9
27 March 2021,3
26 March 2021,171
25 March 2021,4
24 March 2021,1
23 March 2021,28
22 March 2021,5
21 March 2021,7
20 March 2021,4
19 March 2021,10
18 March 2021,2
17 March 2021,1
16 March 2021,8
15 March 2021,9
14 March 2021,5
13 March 2021,4
12 March 2021,2
11 March 2021,4
10 March 2021,12
9 March 2021,2
8 March 2021,8
7 March 2021,5
6 March 2021,15
5 March 2021,6
4 March 2021,2
3 March 2021,1
2 March 2021,5
1 March 2021,6
28 February 2021,6
27 February 2021,2
26 February 2021,4
25 February 2021,6
24 February 2021,5
23 February 2021,4
22 February 2021,6
21 February 2021,7
20 February 2021,3
19 February 2021,0
18 February 2021,121
17 February 2021,3
16 February 2021,4
15 February 2021,7
14 February 2021,47
13 February 2021,8
12 February 2021,5
11 February 2021,11
10 February 2021,3
9 February 2021,4
8 February 2021,6
7 February 2021,9
6 February 2021,223
5 February 2021,2
4 February 2021,9
3 February 2021,7
2 February 2021,19
1 February 2021,27
31 January 2021,8
30 January 2021,44
29 January 2021,15
28 January 2021,10
27 January 2021,10
26 January 2021,87
25 January 2021,12
24 January 2021,10
23 January 2021,18
22 January 2021,7
21 January 2021,15
20 January 2021,13
19 January 2021,10
18 January 2021,24
17 January 2021,6
16 January 2021,7
15 January 2021,22
14 January 2021,3
13 January 2021,37
12 January 2021,4
11 January 2021,4
10 January 2021,9
9 January 2021,37
8 January 2021,14
7 January 2021,24
6 January 2021,21
5 January 2021,14
4 January 2021,11
3 January 2021,18
2 January 2021,21
1 January 2021,11
31 December 2020,12
30 December 2020,16
29 December 2020,15
28 December 2020,22
27 December 2020,35
26 December 2020,23
25 December 2020,33
24 December 2020,13
23 December 2020,17
22 December 2020,19
21 December 2020,28
20 December 2020,15
19 December 2020,17
18 December 2020,20
17 December 2020,18
16 December 2020,15
15 December 2020,20
14 December 2020,137
13 December 2020,20
12 December 2020,23
11 December 2020,11
10 December 2020,13
9 December 2020,13
8 December 2020,243
7 December 2020,17
6 December 2020,8
5 December 2020,33
4 December 2020,20
3 December 2020,64
2 December 2020,26
1 December 2020,63
30 November 2020,37
29 November 2020,6
28 November 2020,10
27 November 2020,44
26 November 2020,94
25 November 2020,25
24 November 2020,7
23 November 2020,5
22 November 2020,3
21 November 2020,4
20 November 2020,2
19 November 2020,3
18 November 2020,18
17 November 2020,3
16 November 2020,4
15 November 2020,3
14 November 2020,20
13 November 2020,3
12 November 2020,2
11 November 2020,5
10 November 2020,7
9 November 2020,18
8 November 2020,5
7 November 2020,5
6 November 2020,4
5 November 2020,95
4 November 2020,9
3 November 2020,5
2 November 2020,4
1 November 2020,4
31 October 2020,14
30 October 2020,11
29 October 2020,4
28 October 2020,6
27 October 2020,6
26 October 2020,3
25 October 2020,24
24 October 2020,6
23 October 2020,8
22 October 2020,7
21 October 2020,5
20 October 2020,5
19 October 2020,10
18 October 2020,8
17 October 2020,17
16 October 2020,9
15 October 2020,8
14 October 2020,13
13 October 2020,7
12 October 2020,26
11 October 2020,10
10 October 2020,15
9 October 2020,22
8 October 2020,7
7 October 2020,9
6 October 2020,12
5 October 2020,8
4 October 2020,10
3 October 2020,28
2 October 2020,57
1 October 2020,33
30 September 2020,21
29 September 2020,15
28 September 2020,119
27 September 2020,6
26 September 2020,29
25 September 2020,221
24 September 2020,12
23 September 2020,16
22 September 2020,9
21 September 2020,23
20 September 2020,23
19 September 2020,2
18 September 2020,4
17 September 2020,4
16 September 2020,13
15 September 2020,25
14 September 2020,18
13 September 2020,2
12 September 2020,1
11 September 2020,5
10 September 2020,3
9 September 2020,1
8 September 2020,11
7 September 2020,18
6 September 2020,2
5 September 2020,4
4 September 2020,4
3 September 2020,0
2 September 2020,0
1 September 2020,7
31 August 2020,1
30 August 2020,1
29 August 2020,1
28 August 2020,2
27 August 2020,1
26 August 2020,1
25 August 2020,8
24 August 2020,1
23 August 2020,1
22 August 2020,0
21 August 2020,5
20 August 2020,1
19 August 2020,1
18 August 2020,0
17 August 2020,3
16 August 2020,0
15 August 2020,6
14 August 2020,2
13 August 2020,0
12 August 2020,0
11 August 2020,2
10 August 2020,8
9 August 2020,2